Emp id,Name,Position,Department,Contact Number,Salary,Working Hours
3, 'John Doe', 'Co-Pilot', 'Flight Crew', '555-555-5555',120000,18
4, 'Emily Johnson', 'Flight Attendant', 'Cabin Crew', '111-222-3333',65000,21
5, 'David Lee', 'Flight Engineer', 'Flight Crew', '999-888-7777',135000,17
6, 'Sarah Thompson', 'Pilot', 'Flight Crew', '444-444-4444',160000,15
7, 'Michael Brown', 'Flight Attendant', 'Cabin Crew', '222-333-4444',68000,19
8, 'Jessica Davis', 'Co-Pilot', 'Flight Crew', '777-777-7777',125000,17
9, 'Andrew Wilson', 'Flight Attendant', 'Cabin Crew', '888-999-0000',72000,22
10, 'Michelle Anderson', 'Flight Engineer', 'Flight Crew', '666-666-6666',140000,18
11, 'Brian Miller', 'Pilot', 'Flight Crew', '111-111-1111',155000,16
12, 'Amy Roberts', 'Flight Attendant', 'Cabin Crew', '222-222-2222',68000,20
13, 'Christopher Thompson', 'Co-Pilot', 'Flight Crew', '333-333-3333',122000,19
14, 'Rachel Harris', 'Flight Attendant', 'Cabin Crew', '444-444-4444',67000,23
15, 'Daniel Clark', 'Flight Engineer', 'Flight Crew', '555-555-5555',130000,17
16, 'Sophia Martinez', 'Pilot', 'Flight Crew', '666-666-6666',148000,16
17, 'William Johnson', 'Flight Attendant', 'Cabin Crew', '777-777-7777',69000,21
18, 'Olivia Davis', 'Co-Pilot', 'Flight Crew', '888-888-8888',118000,17
19, 'Ethan Wilson', 'Flight Attendant', 'Cabin Crew', '999-999-9999',73000,20
20, 'Ava Anderson', 'Flight Engineer', 'Flight Crew', '000-000-0000',137000,19
21, 'Jacob Taylor', 'Pilot', 'Flight Crew', '111-222-3333',153000,17
22, 'Mia Thomas', 'Flight Attendant', 'Cabin Crew', '444-555-6666',71000,22
23, 'Alexander Martin', 'Co-Pilot', 'Flight Crew', '777-888-9999',123000,18
24, 'Charlotte White', 'Flight Attendant', 'Cabin Crew', '000-111-2222',66000,24
25, 'Liam Thompson', 'Flight Engineer', 'Flight Crew', '333-444-5555',133000,16
26, 'Emma Rodriguez', 'Pilot', 'Flight Crew', '666-777-8888',159000,15
27, 'James Lee', 'Flight Attendant', 'Cabin Crew', '999-000-1111',69000,21
29, 'Oliver Walker', 'Flight Attendant', 'Cabin Crew', '555-666-7777',71000,22
30, 'Isabella Wright', 'Flight Engineer', 'Flight Crew', '888-999-0000',136000,19
31, 'Benjamin Hill', 'Pilot', 'Flight Crew', '111-222-3333',152000,16
32, 'Sophia Scott', 'Flight Attendant', 'Cabin Crew', '444-555-6666',67000,23
33, 'Logan Green', 'Co-Pilot', 'Flight Crew', '777-888-9999',122000,19
34, 'Chloe Lewis', 'Flight Attendant', 'Cabin Crew', '000-111-2222',66000,24
35, 'Henry Carter', 'Flight Engineer', 'Flight Crew', '333-444-5555',135000,17
36, 'Amelia Adams', 'Pilot', 'Flight Crew', '666-777-8888',158000,15
37, 'William Mitchell', 'Flight Attendant', 'Cabin Crew', '999-000-1111',68000,20
38, 'Sofia Turner', 'Co-Pilot', 'Flight Crew', '222-333-4444',120000,18
39, 'Sebastian Parker', 'Flight Attendant', 'Cabin Crew', '555-666-7777',70000,21
40, 'Mia Gonzalez', 'Flight Engineer', 'Flight Crew', '888-999-0000',139000,18
41, 'Jackson Adams', 'Pilot', 'Flight Crew', '111-222-3333',154000,17
42, 'Abigail Young', 'Flight Attendant', 'Cabin Crew', '444-555-6666',69000,22
43, 'Aiden Turner', 'Co-Pilot', 'Flight Crew', '777-888-9999',126000,17
44, 'Ella Hall', 'Flight Attendant', 'Cabin Crew', '000-111-2222',64000,25
45, 'Daniel Adams', 'Flight Engineer', 'Flight Crew', '333-444-5555',132000,16
46, 'Scarlett Turner', 'Pilot', 'Flight Crew', '666-777-8888',161000,15
47, 'Lucas Hill', 'Flight Attendant', 'Cabin Crew', '999-000-1111',71000,22
48, 'Lily Scott', 'Co-Pilot', 'Flight Crew', '222-333-4444',125000,17
49, 'Carter Walker', 'Flight Attendant', 'Cabin Crew', '555-666-7777',68000,21
50, 'Grace Turner', 'Flight Engineer', 'Flight Crew', '888-999-0000',138000,19
